<?xml version="1.0"?>
<!--
/**
 * Magento
 *
 * NOTICE OF LICENSE
 *
 * This source file is subject to the Open Software License (OSL 3.0)
 * that is bundled with this package in the file LICENSE.txt.
 * It is also available through the world-wide-web at this URL:
 * http://opensource.org/licenses/osl-3.0.php
 * If you did not receive a copy of the license and are unable to
 * obtain it through the world-wide-web, please send an email
 * to license@magentocommerce.com so we can send you a copy immediately.
 *
 * DISCLAIMER
 *
 * Do not edit or add to this file if you wish to upgrade Magento to newer
 * versions in the future. If you wish to customize Magento for your
 * needs please refer to http://www.magentocommerce.com for more information.
 *
 * @category   RicoNeitzel
 * @package    RicoNeitzel_PaymentFilter
 * @copyright  Copyright (c) 2010 Vinai Kopp http://netzarbeiter.com/
 * @license    http://opensource.org/licenses/osl-3.0.php  Open Software License (OSL 3.0)
 */
-->
<config>
	<modules>
		<Wso_PaymentFilter>
			<active>true</active>
			<codePool>local</codePool>		
			<depends>
				<Mage_Payment/>
				<Mage_Customer/>
			</depends>					
		</Wso_PaymentFilter>
	</modules>
</config>
